id,name,status,source_kind,source_url,creator,license,attribution,restrictions,original_path,webp_path,public_copy_path,original_dimensions,webp_dimensions,original_sha256,webp_sha256,accessed_on
joel-villanueva,Joel Villanueva,approved,public institution portrait,https://commons.wikimedia.org/wiki/File:Joel_Villanueva_portrait.jpg,Technical Education and Skills Development Authority (TESDA),Public domain,Public domain as recorded on exact Commons file page; no attribution required by Commons statement,No additional restriction recorded; intended for personality gallery,assets/research/personality-portraits/originals/joel-villanueva.jpg,assets/research/personality-portraits/webp/joel-villanueva.webp,src/assets/personalities/joel-villanueva.webp,284x368,284x368,ac32edb24f6109282223dfee542f71246be3494da4d2ad57344e931327e19b3c,c074e32f0872bc69741f4bb5319f41389c032c04ec1678918128fb759d96d0f7,2026-10-02
ralph-recto,Ralph G. Recto,approved,official government portrait,https://commons.wikimedia.org/wiki/File:Ralph_Recto_Senate_Portrait.jpg,Senate of the Republic of the Philippines,Public domain,Public domain as recorded on exact Commons file page; no attribution required by Commons statement,No additional restriction recorded; intended for personality gallery,assets/research/personality-portraits/originals/ralph-recto.jpg,assets/research/personality-portraits/webp/ralph-recto.webp,src/assets/personalities/ralph-recto.webp,1228x1536,767x960,325e37473edf2a1f412b1d29683ba51be30d8a8121748e19927cf0dee453d461,2c3391270d3181b5d825319cdbe57266981a1599c034593db9a654d319be742d,2026-10-02
richard-gomez,Richard Frank Gomez,approved,official local-government sourced portrait,https://commons.wikimedia.org/wiki/File:Ormoc_City_Mayor_Richard_Gomez_(cropped).jpg,Ormoc City Government Facebook page,Public domain,Public domain as recorded on exact Commons file page; no attribution required by Commons statement,No additional restriction recorded; intended for personality gallery,assets/research/personality-portraits/originals/richard-gomez.jpg,assets/research/personality-portraits/webp/richard-gomez.webp,src/assets/personalities/richard-gomez.webp,673x720,673x720,12bc686e15639930ece9334940c45cfb69df88158a4262c4304c217e9d76b0a1,9b06d0622d3654773b0f1c816620d7f40404284adabea40e236479db666c6b24,2026-10-02
jose-teves,Jose “Bong” J. Teves Jr.,approved,official government portrait,https://commons.wikimedia.org/wiki/File:Rep._Jose_Teves_Jr._(20th_Congress).jpg,House of Representatives of the Philippines,Public domain,Public domain as recorded on exact Commons file page; no attribution required by Commons statement,No additional restriction recorded; intended for personality gallery,assets/research/personality-portraits/originals/jose-teves.jpg,assets/research/personality-portraits/webp/jose-teves.webp,src/assets/personalities/jose-teves.webp,288x387,288x387,5f7470e27b36db5db433ca94f1e93ad3775772e160c997bf43fab41c6f608656,9fc81efe0a272d7f37d06599f1215a1cca6cb6d8b3c90f49a143d5c4a762bb3e,2026-10-02
rommel-marbil,Rommel Francisco D. Marbil,approved,official police portrait,https://commons.wikimedia.org/wiki/File:PGEN._Rommel_Francisco_Marbil.jpg,Philippine National Police,Public domain,Public domain as recorded on exact Commons file page; no attribution required by Commons statement,No additional restriction recorded; intended for personality gallery,assets/research/personality-portraits/originals/rommel-marbil.jpg,assets/research/personality-portraits/webp/rommel-marbil.webp,src/assets/personalities/rommel-marbil.webp,799x1024,749x960,1cfcc5316f8d156da7aa52857ee2efc0b22b5a484587a1521cc2a746c7747e84,7c7dc7bb94518d672b35548483fbc40a5b5e2e3c1d3cc8d9fc21d45e6e1e163a,2026-10-02
vicente-danao,Vicente Dupa Danao Jr.,approved,official event photograph,https://commons.wikimedia.org/wiki/File:PNP_acting_chief_Lt._Gen._Vicente_Danao_Jr._presents_the_six-year_accomplishment_report_during_the_Duterte_Legacy_Summit_(54810)_(cropped).jpg,Avito Dalan / Philippine News Agency,Public domain,Public domain as recorded on exact Commons file page; no attribution required by Commons statement,No additional restriction recorded; intended for personality gallery,assets/research/personality-portraits/originals/vicente-danao.jpg,assets/research/personality-portraits/webp/vicente-danao.webp,src/assets/personalities/vicente-danao.webp,309x380,309x380,e0942d971588ad530d4e629b0dd83893731dedbb477a7ecc9561ae3a0de6bded,cde21bdd92f9645ebfa46c8db7626e81ff8f5cbf1484f76728833024fd67e34f,2026-10-02
eumir-marcial,Eumir Felix Marcial,approved,official event photograph,https://commons.wikimedia.org/wiki/File:Eumir_felix_marcial_KL_2017.jpg,Primo Agatep for the Philippine News Agency,Public domain,Public domain as recorded on exact Commons file page; no attribution required by Commons statement,No additional restriction recorded; intended for personality gallery,assets/research/personality-portraits/originals/eumir-marcial.jpg,assets/research/personality-portraits/webp/eumir-marcial.webp,src/assets/personalities/eumir-marcial.webp,1332x1742,734x960,6ad61908fa93740a45731483afc775ec9eee0c9b461b78a527dfa93455209879,b71b024a660c367503fa1d76cdc968bf093e2de63730169de145689a7ec55c68,2026-10-02
raymond-almazan,Raymond Almazan,approved,exact Commons file; identity visually confirmed,https://commons.wikimedia.org/wiki/File:Raymond_Almazan_2020.jpg,Jess M. Escaros Jr.,Public domain,Public domain as recorded on exact Commons file page; no attribution required by Commons statement,No additional restriction recorded; intended for personality gallery,assets/research/personality-portraits/originals/raymond-almazan.jpg,assets/research/personality-portraits/webp/raymond-almazan.webp,src/assets/personalities/raymond-almazan.webp,554x1227,433x960,320af014c7f8dbba958f791f4cc08d4d953eaf83b107ec939202083d838631df,adfa68dc189f1890bf37bddcd544cd2df02b410e4a8bda756dd2d57530441a71,2026-10-02
jm-de-guzman,Juan Miguel “JM” Gob de Guzman,approved,licensed video still,https://commons.wikimedia.org/wiki/File:JM_de_Guzman_(2019)_(cropped).jpg,Bulgar TV,CC BY 3.0,Attribution: Bulgar TV; license link https://creativecommons.org/licenses/by/3.0/,No additional restriction recorded; intended for personality gallery,assets/research/personality-portraits/originals/jm-de-guzman.jpg,assets/research/personality-portraits/webp/jm-de-guzman.webp,src/assets/personalities/jm-de-guzman.webp,751x1054,684x960,743e69bc2eb1b0b4978ce7ee21007cae6e658e80383a61853ba6d53117ff2958,9c1fb109d6b0da81c54b256c0be5fdffa3867823c6445267d24affb742112563,2026-10-02
luis-manzano,Luis Philippe Santos Manzano,approved,licensed video still,https://commons.wikimedia.org/wiki/File:Bulgar_-celebrityBTS_Luis_Manzano_-_Pilot_Episode_Teaser_0-6_screenshot_(cropped).jpg,Bulgar TV,CC BY 3.0,Attribution: Bulgar TV; license link https://creativecommons.org/licenses/by/3.0/,No additional restriction recorded; intended for personality gallery,assets/research/personality-portraits/originals/luis-manzano.jpg,assets/research/personality-portraits/webp/luis-manzano.webp,src/assets/personalities/luis-manzano.webp,622x897,622x897,5f336aa4cedee1a55110701b110d69d998e981b115ce126d01f34994d93eb4e1,c5695b776443711280ff2e957e8831a91d6fc6d2491710ad4eb294e04719ccbb,2026-10-02
nathan-azarcon,Nathan Peter Hachero Azarcon,approved,licensed event photograph,https://commons.wikimedia.org/wiki/File:Nathan_Azarcon_(2009).jpg,"Lendl Peralta from Baguio, Philippines",CC BY-SA 2.0,"Attribution: Lendl Peralta from Baguio, Philippines; license link https://creativecommons.org/licenses/by-sa/2.0/",No additional restriction recorded; intended for personality gallery,assets/research/personality-portraits/originals/nathan-azarcon.jpg,assets/research/personality-portraits/webp/nathan-azarcon.webp,src/assets/personalities/nathan-azarcon.webp,489x800,489x800,71a0169d7488b5bb9851fc9dab7cbd36bbde7115662dec3f2c1bfdc9bd761cf5,48caf20d256b5737e360049d7fc214ab60bbedbc82a4d41242f4783744a6c258,2026-10-02
roy-ordinario,Roy Ordinario,permission_needed,Commons targeted media search; no exact approved portrait found,https://commons.wikimedia.org/w/index.php?search=Roy+Ordinario&title=Special%3AMediaSearch&type=image,unknown/unconfirmed,not established,Permission or user-provided licensed original required before use,Do not copy to public assets; no reuse permission established,,,,,,,,2026-10-02
errol-garchitorena,Errol Garchitorena Jr.,permission_needed,Commons targeted media search; no exact approved portrait found,https://commons.wikimedia.org/w/index.php?search=Errol+Garchitorena&title=Special%3AMediaSearch&type=image,unknown/unconfirmed,not established,Permission or user-provided licensed original required before use,Do not copy to public assets; no reuse permission established,,,,,,,,2026-10-02
vandolph-quizon,Vandolph Lacsamana Quizon,permission_needed,Commons targeted media search; no exact approved portrait found,https://commons.wikimedia.org/w/index.php?search=Vandolph+Quizon&title=Special%3AMediaSearch&type=image,unknown/unconfirmed,not established,Permission or user-provided licensed original required before use,Do not copy to public assets; no reuse permission established,,,,,,,,2026-10-02
john-riel-casimero,John Riel Reponte Casimero,permission_needed,Commons targeted media search; no exact approved portrait found,https://commons.wikimedia.org/w/index.php?search=John+Riel+Casimero&title=Special%3AMediaSearch&type=image,unknown/unconfirmed,not established,Permission or user-provided licensed original required before use,Do not copy to public assets; no reuse permission established,,,,,,,,2026-10-02
alvin-aguilar,Arthur Alvin A. Aguilar,permission_needed,Commons targeted media search; no exact approved portrait found,https://commons.wikimedia.org/w/index.php?search=Alvin+Aguilar+Philippines&title=Special%3AMediaSearch&type=image,unknown/unconfirmed,not established,Permission or user-provided licensed original required before use,Do not copy to public assets; no reuse permission established,,,,,,,,2026-10-02
